City,Hotel Name
Agadir,Sofitel Agadir Royal Bay Resort
Agadir,Sofitel Agadir Thalassa Sea & Spa
Agadir,Hotel Riu Palace Tikida Agadir
Agadir,Hotel Riu Tikida Beach
Agadir,Hotel Riu Tikida Dunas
Agadir,Iberostar Waves Founty Beach
Agadir,Pickalbatros Palais Des Roses
Agadir,The View Agadir
Agadir,Robinson Agadir
Agadir,Kenzi Europa
Agadir,Hotel Argana
Agadir,Agadir Beach Club Hotel
Agadir,Allegro Agadir
Agadir,Dunes D’Or Ocean Club
Agadir,Amadil Ocean Club
Agadir,Anezi Tower Hotel
Agadir,Atlantic Palm Beach
Agadir,Atlantic Hotel Agadir
Agadir,Bahia City Hotel
Agadir,Caribbean Village Agador
Agadir,Dominium Hotel / Dominium Palace
Agadir,New Farah Hotel
Agadir,Hotel Timoulay & Spa
Agadir,Appart-Hôtel Tagadirt
Agadir,Suite Hotel Tilila
Agadir,Aferni Hotel
Agadir,Borjs Hotel Suites & Spa
Agadir,Hôtel Petite Suède
Taghazout,Hilton Taghazout Bay Beach Resort & Spa
Taghazout,Hyatt Place Taghazout Bay
Taghazout,Hyatt Regency Taghazout
Taghazout,Fairmont Taghazout Bay
Taghazout,Radisson Blu Resort Taghazout Bay Surf Village
Taghazout,Hotel Riu Palace Tikida Taghazout
Taghazout,Pickalbatros White Beach Taghazout
Taghazout,Paradis Plage Surf Yoga & Spa Resort
Tamraght,Banana Surf Lodge & Surfcamp
Tamraght,Riad Dar Haven
Tamraght,Swell.house
Tamraght,Paddle Out Surfcamp
Tamraght,Waverider Hostel
Tamraght,Joy Surf Morocco
Tamraght,Santa Cruz Hostel
Tamraght,Hotel Littoral
