keyword,language,search_volume,cpc,competition_level,search_intent,keyword_difficulty,priority_tier,page_type
agadir to marrakech,en,2900,2.25,LOW,commercial,,P1,tour_or_transport
paradise valley agadir,en,1900,1.08,LOW,commercial,,P1,tour_or_transport
paradise valley morocco,en,1900,0.98,LOW,commercial,,P1,tour_or_transport
agadir morocco paradise valley,en,1900,1.08,LOW,commercial,,P1,tour_or_transport
agadir paradise valley,en,1900,1.08,LOW,commercial,,P1,tour_or_transport
paradise valley agadir morocco,en,1900,1.08,LOW,commercial,,P1,tour_or_transport
paradise valley morocco agadir,en,1900,1.08,LOW,commercial,,P1,tour_or_transport
morocco paradise valley,en,1900,0.98,LOW,commercial,,P1,tour_or_transport
agadir day trips,en,880,1.05,MEDIUM,commercial,,P1,tour_or_transport
excursion agadir,fr,880,1.06,MEDIUM,commercial,,P1,tour_or_transport
agadir excursion,fr,880,1.06,MEDIUM,commercial,,P1,tour_or_transport
excursion in agadir,fr,880,1.06,MEDIUM,commercial,,P1,tour_or_transport
agadir to marrakech train,en,480,1.01,LOW,commercial,,P1,tour_or_transport
agadir to marrakech bus,en,320,1.59,MEDIUM,commercial,11,P1,tour_or_transport
agadir: day trip to marrakech,en,260,1.45,MEDIUM,commercial,,P1,tour_or_transport
agadir to marrakech day trip,en,260,1.45,MEDIUM,commercial,,P1,tour_or_transport
agadir to marrakech distance,en,210,2.08,LOW,commercial,,P1,tour_or_transport
paradise valley taghazout,en,210,1.29,LOW,commercial,,P1,tour_or_transport
agadir royal excursion,fr,210,0.34,LOW,commercial,,P1,tour_or_transport
paradise valley agadir photos,en,140,,LOW,commercial,,P1,tour_or_transport
agadir night clubs,en,110,,LOW,commercial,,P1,supporting
paradise valley agadir reviews,en,90,0.46,LOW,commercial,,P1,tour_or_transport
bateau pirate agadir prix,fr,90,,LOW,commercial,,P1,tour_or_transport
excursion bateau agadir,fr,90,0.55,MEDIUM,commercial,,P1,tour_or_transport
paradise valley agadir imouzzer ida ou tanane morocco,en,70,,LOW,transactional,,P1,tour_or_transport
agadir to paradise valley,en,70,1.8,LOW,commercial,,P1,tour_or_transport
tourist attractions things to do in agadir,en,50,0.16,MEDIUM,informational,2,P1,tour_or_transport
best night clubs in agadir,en,50,,LOW,commercial,,P1,supporting
agadir to marrakech taxi price,en,50,1.98,MEDIUM,commercial,,P1,tour_or_transport
paradise valley photos,en,50,2.34,LOW,commercial,,P1,tour_or_transport
bateau agadir marina,fr,40,0.25,MEDIUM,commercial,,P1,tour_or_transport
things to do in agadir,en,8100,0.6,MEDIUM,informational,2,P2,blog_hub_or_listicle
things to do agadir,en,8100,0.6,MEDIUM,informational,2,P2,blog_hub_or_listicle
things to do in agadir morocco,en,8100,0.6,MEDIUM,informational,4,P2,blog_hub_or_listicle
things to do in morocco agadir,en,8100,0.6,MEDIUM,informational,,P2,blog_hub_or_listicle
things to do agadir morocco,en,8100,0.6,MEDIUM,informational,4,P2,blog_hub_or_listicle
distance marrakech agadir,fr,2400,0.4,LOW,navigational,,P2,tour_or_transport
agadir morocco things to do,en,1900,0.65,MEDIUM,informational,2,P2,blog_hub_or_listicle
agadir things to do,en,1900,0.65,MEDIUM,informational,,P2,blog_hub_or_listicle
morocco agadir things to do,en,1900,0.65,MEDIUM,informational,4,P2,blog_hub_or_listicle
best things to do in agadir morocco,en,170,0.74,MEDIUM,informational,1,P3,blog_hub_or_listicle
best things to do in agadir,en,170,0.74,MEDIUM,informational,4,P3,blog_hub_or_listicle
things to do in agadir at night,en,140,0.57,LOW,informational,,P3,blog_hub_or_listicle
things to do in agadir with family,en,90,0.49,MEDIUM,informational,,P3,blog_hub_or_listicle
agadir nightlife for singles,en,70,2.27,LOW,informational,,P3,supporting
things to do near agadir,en,50,0.35,MEDIUM,informational,2,P3,blog_hub_or_listicle
best bars in agadir,en,50,1.35,LOW,informational,,P3,supporting
top things to do in agadir morocco,en,40,0.72,MEDIUM,informational,4,P3,blog_hub_or_listicle
things to do in agadir in january,en,40,0.08,MEDIUM,informational,,P3,blog_hub_or_listicle
unusual things to do in agadir at night,en,40,0.48,LOW,informational,,P3,blog_hub_or_listicle
top 10 things to do in agadir morocco,en,30,0.62,MEDIUM,informational,,P3,blog_hub_or_listicle
top 10 things to do in agadir,en,30,0.62,MEDIUM,informational,,P3,blog_hub_or_listicle
things to do in agadir in november,en,30,0.57,LOW,informational,,P3,blog_hub_or_listicle
free things to do in agadir,en,30,0.19,LOW,informational,,P3,blog_hub_or_listicle
taghazout paradise valley,en,30,0.84,LOW,commercial,,P3,tour_or_transport
paradise valley waterfalls,en,30,,LOW,commercial,,P3,tour_or_transport
agence excursion agadir,fr,30,0.28,MEDIUM,commercial,,P3,tour_or_transport
location bateau marina agadir,fr,30,0.21,MEDIUM,commercial,,P3,tour_or_transport
excursion agadir activity,fr,30,2.2,LOW,commercial,,P3,tour_or_transport
agadir: day trips things to do,en,20,0.8,MEDIUM,informational,,P3,tour_or_transport
things to do in agadir in december,en,20,,HIGH,informational,,P3,blog_hub_or_listicle
agadir day trips things to do,en,20,0.8,MEDIUM,informational,,P3,tour_or_transport
unique things to do in agadir,en,20,0.59,LOW,informational,,P3,blog_hub_or_listicle
things to do around agadir,en,20,0.33,LOW,informational,,P3,blog_hub_or_listicle
things to do in agadir and taghazout,en,20,0.55,MEDIUM,informational,,P3,blog_hub_or_listicle
things to do in agadir for adults,en,20,0.89,MEDIUM,informational,,P3,blog_hub_or_listicle
day trips from agadir to casablanca,en,20,0.89,MEDIUM,commercial,,P3,tour_or_transport
jet2 agadir excursions,en,20,,LOW,informational,,P3,tour_or_transport
agadir nightlife reddit,en,20,,LOW,informational,,P3,supporting
agadir to marrakech transfer,en,20,1.96,MEDIUM,commercial,,P3,tour_or_transport
supratours agadir to marrakech,en,20,1.59,MEDIUM,commercial,,P3,tour_or_transport
taghazout to paradise valley,en,20,2.28,LOW,commercial,,P3,tour_or_transport
paradise valley reviews,en,20,,LOW,commercial,,P3,tour_or_transport
paradise valley from agadir,en,20,2.01,LOW,commercial,,P3,tour_or_transport
how far is paradise valley from agadir,en,20,2.14,LOW,informational,,P3,tour_or_transport
excursion agadir bateau,fr,20,0.5,MEDIUM,commercial,,P3,tour_or_transport
yacht agadir prix,fr,20,0.14,LOW,commercial,,P3,supporting
excursion quad agadir,fr,20,1.87,HIGH,commercial,,P3,tour_or_transport
excursion vallée du paradis agadir,fr,20,0.81,HIGH,commercial,,P3,tour_or_transport
excursion desert agadir,fr,20,0.78,HIGH,commercial,,P3,tour_or_transport
excursion a agadir,fr,20,1.38,HIGH,commercial,,P3,tour_or_transport
things to do in agadir in morocco,en,10,0.23,MEDIUM,informational,4,P3,blog_hub_or_listicle
things to do in agadir in march,en,10,0.44,MEDIUM,informational,,P3,blog_hub_or_listicle
10 things to do in agadir,en,10,0.13,MEDIUM,informational,,P3,blog_hub_or_listicle
things to do in agadir in april,en,10,0.47,MEDIUM,informational,,P3,blog_hub_or_listicle
things to do in agadir reddit,en,10,,LOW,informational,,P3,blog_hub_or_listicle
things to do in agadir january,en,10,,,informational,,P3,blog_hub_or_listicle
cheap things to do in agadir,en,10,0.64,LOW,informational,,P3,blog_hub_or_listicle
agadir marina things to do,en,10,,LOW,informational,,P3,blog_hub_or_listicle
agadir things to do in december,en,10,1.84,LOW,informational,,P3,blog_hub_or_listicle
things to do in agadir in february,en,10,0.68,MEDIUM,informational,,P3,blog_hub_or_listicle
agadir and taghazout things to do,en,10,0.17,LOW,informational,15,P3,blog_hub_or_listicle
things to do in agadir and taghazout morocco,en,10,0.31,MEDIUM,informational,15,P3,blog_hub_or_listicle
things to do in agadir in october,en,10,,MEDIUM,informational,,P3,blog_hub_or_listicle
things to do in agadir tripadvisor,en,10,0.34,LOW,informational,,P3,blog_hub_or_listicle
medina agadir things to do,en,10,,LOW,informational,,P3,blog_hub_or_listicle
agadir old town things to do,en,10,0.12,LOW,informational,,P3,blog_hub_or_listicle
things to do in agadir in july,en,10,0.23,MEDIUM,informational,,P3,blog_hub_or_listicle
things to do in agadir on holiday,en,10,,,informational,,P3,blog_hub_or_listicle
fun things to do in agadir,en,10,0.38,LOW,informational,,P3,blog_hub_or_listicle
10 best things to do in agadir,en,10,0.41,MEDIUM,informational,,P3,blog_hub_or_listicle
unusual things to do in agadir,en,10,0.45,LOW,informational,,P3,blog_hub_or_listicle
things to do in agadir lonely planet,en,10,,,informational,,P3,blog_hub_or_listicle
things to do in agadir in august,en,10,0.2,MEDIUM,informational,,P3,blog_hub_or_listicle
things to do in agadir city,en,10,,MEDIUM,informational,,P3,blog_hub_or_listicle
things to do in agadir in september,en,10,0.16,LOW,informational,,P3,blog_hub_or_listicle
things to do in agadir february,en,10,0.69,MEDIUM,informational,,P3,blog_hub_or_listicle
agadir things to do lonely planet,en,10,0.64,LOW,informational,,P3,blog_hub_or_listicle
things to do in agadir for couples,en,10,0.41,LOW,informational,,P3,blog_hub_or_listicle
things to do near agadir morocco,en,10,0.59,MEDIUM,informational,,P3,blog_hub_or_listicle
agadir things to do at night,en,10,,LOW,informational,,P3,blog_hub_or_listicle
tripadvisor agadir things to do,en,10,0.06,MEDIUM,informational,,P3,blog_hub_or_listicle
things to do in agadir tui,en,10,0.64,LOW,informational,,P3,blog_hub_or_listicle
boat trips from agadir,en,10,0.78,MEDIUM,commercial,,P3,tour_or_transport
agadir to marrakech plane,en,10,0.21,MEDIUM,commercial,,P3,tour_or_transport
paradise valley resort reviews,en,10,,,commercial,,P3,tour_or_transport
agadir paradise valley map,en,10,,,commercial,,P3,tour_or_transport
paradise valley agadir weather,en,10,,LOW,informational,,P3,tour_or_transport
paradise valley morocco from marrakech,en,10,1.82,MEDIUM,commercial,,P3,tour_or_transport
paradise valley agadir location,en,10,,,commercial,,P3,tour_or_transport
paradise valley agadir tour,en,10,0.71,MEDIUM,commercial,,P3,tour_or_transport
agadir paradise valley excursion,en,10,,,commercial,,P3,tour_or_transport
paradise valley agadir map,en,10,,LOW,commercial,42,P3,tour_or_transport
meilleur excursion agadir,fr,10,0.69,HIGH,commercial,,P3,tour_or_transport
excursion agadir désert,fr,10,1.28,HIGH,commercial,,P3,tour_or_transport
excursion agadir essaouira,fr,10,0.63,HIGH,commercial,16,P3,tour_or_transport
excursion agadir marrakech,fr,10,,LOW,commercial,,P3,tour_or_transport
excursion agadir ouarzazate,fr,10,,,commercial,,P3,tour_or_transport
bateau pirate agadir horaire,fr,10,,LOW,commercial,22,P3,tour_or_transport
restaurant bateau agadir,fr,10,,,commercial,,P3,tour_or_transport
bateau agadir france,fr,10,0.19,MEDIUM,navigational,,P3,tour_or_transport
nuit dans le désert agadir,fr,10,0.69,MEDIUM,navigational,,P3,tour_or_transport
agadir désert distance,fr,10,0.29,LOW,navigational,,P3,tour_or_transport
excursion agadir depuis marrakech,fr,10,0.81,HIGH,commercial,,P3,tour_or_transport
desert le plus proche d'agadir,fr,10,,MEDIUM,commercial,8,P3,tour_or_transport
désert de massa agadir,fr,10,0.53,LOW,commercial,11,P3,tour_or_transport
agadir excursions rachid,fr,10,0.64,MEDIUM,commercial,,P3,tour_or_transport
excursion taroudant depuis agadir,fr,10,0.58,HIGH,commercial,,P3,tour_or_transport
excursion desert depuis agadir,fr,10,1.3,HIGH,commercial,,P3,tour_or_transport
excursion agadir desert,fr,10,0.87,MEDIUM,commercial,,P3,tour_or_transport
excursion bateau marina agadir prix,fr,10,,MEDIUM,commercial,,P3,tour_or_transport
excursion désert depuis agadir,fr,10,1.3,HIGH,commercial,,P3,tour_or_transport
excursion chameau agadir,fr,10,0.43,MEDIUM,commercial,,P3,tour_or_transport
excursion maroc agadir,fr,10,0.5,HIGH,commercial,,P3,tour_or_transport
excursion paradise valley agadir,fr,10,0.9,HIGH,commercial,,P3,tour_or_transport
excursion agadir taroudant,fr,10,0.67,HIGH,commercial,,P3,tour_or_transport
excursion depuis agadir,fr,10,1.01,HIGH,commercial,5,P3,tour_or_transport
excursion autour d agadir,fr,10,0.2,HIGH,commercial,,P3,tour_or_transport
excursion marrakech agadir,fr,10,1.03,MEDIUM,commercial,,P3,tour_or_transport
paradise valley agadir excursion,fr,10,0.82,HIGH,commercial,,P3,tour_or_transport
excursion en mer agadir,fr,10,0.6,HIGH,commercial,,P3,tour_or_transport
excursion désert agadir,fr,10,1.28,HIGH,commercial,,P3,tour_or_transport
excursion en bateau agadir,fr,10,0.89,HIGH,commercial,,P3,tour_or_transport
excursion agadir : taroudant,fr,10,0.67,HIGH,commercial,,P3,tour_or_transport
excursion bateau agadir prix,fr,10,,,commercial,,P3,tour_or_transport
agadir excursion désert,fr,10,0.91,HIGH,commercial,,P3,tour_or_transport
excursion essaouira depuis agadir,fr,10,0.71,MEDIUM,commercial,,P3,tour_or_transport
excursion agadir maroc,fr,10,3.8,HIGH,commercial,,P3,tour_or_transport
excursion 4x4 agadir,fr,10,0.52,HIGH,commercial,,P3,tour_or_transport
excursion agadir-marrakech,fr,10,,LOW,commercial,,P3,tour_or_transport
expedia things to do in agadir,en,0,,,informational,,P3,blog_hub_or_listicle
things to do near riu palace tikida agadir,en,0,,,commercial,,P3,blog_hub_or_listicle
palais des roses agadir things to do,en,0,,,informational,,P3,blog_hub_or_listicle
