question,language,source_serp_seed,gap_type,content_angle
"Is Agadir worth visiting?",en,things to do in agadir,informational_PAA_vs_ota,Local guide POV: who Agadir suits + 3-day itinerary teaser + tour links
"Is Agadir nicer than Marrakech?",en,things to do in agadir,comparison_blog,Honest comparison; position day trips from Agadir to Marrakech as your product
"Is there enough to do in Agadir?",en,things to do in agadir,misconception_FAQ,Counter “only beach” narrative with Souss-Massa Taghazout Paradise Valley
"What to do in Agadir in 3 days?",en,things to do in agadir,itinerary_hub,Structured 3-day plan mapping to your tours
"Can I drink alcohol in Agadir?",en,things to do in agadir,practical_FAQ,Short factual answer + link to respectful-travel + nightlife optional
"What day trips from Agadir?",en,agadir day trips,commercial_PAA,Canonical hub: Paradise Valley Marrakech Essaouira desert Massa with prices
"Which is nicer Agadir or Essaouira?",en,agadir day trips,comparison,Essaouira day trip CTA from Agadir
"Which is nicer Agadir or Marrakech?",en,agadir day trips,comparison,Marrakech day trip CTA + train/bus vs tour
"How many days in Agadir is enough?",en,agadir day trips,itinerary_FAQ,Align with Club Med / blog answers; suggest tour pacing
"Do you need a guide for Paradise Valley Agadir?",en,paradise valley agadir tour,PAA_thin_blog_answer,Beat generic blog: licensed guide pickup timing crowds seasonality
"How far is Paradise Valley from Agadir?",en,paradise valley agadir tour,local_fact,Km time road + link to your Paradise Valley tour
"How much is a taxi from Agadir to Paradise Valley?",en,paradise valley agadir tour,price_intent,Taxi range vs organized tour value
"Is Paradise Valley Morocco worth visiting?",en,paradise valley agadir tour,entity_disambiguation,Clarify Morocco vs Arizona PAA pollution; set expectations
"Quelles sont les excursions possibles à partir d'Agadir ?",fr,excursion agadir,listicle_competes_aggregators,French hub matching Civitatis categories + your USP
"Comment aller dans le désert depuis Agadir ?",fr,excursion agadir,expectation_management,Massa Timlalin vs real Sahara multi-day honesty
"Combien de jours faut-il prévoir à Agadir ?",fr,excursion agadir,itinerary_FAQ,French version of 3–4 day plan + excursions
"Est-il prudent de se promener à Agadir la nuit ?",fr,excursion agadir,safety_FAQ,Practical zones + your evening activities if any
